[
  {
    "section": "Clause 2",
    "issue": "Clause is too vague and does not specify the extent of limited liability.",
    "severity": "High",
    "reference": "https://www.adgm.com/registration-authority/registration-and-incorporation",
    "suggestion": "Rewrite clause to explicitly state the nature of limited liability (e.g., limited by shares or limited by guarantee),  in accordance with the ADGM Companies Regulations 2020 and the chosen company structure.  Refer to the relevant ADGM guidelines and templates for accurate wording."
  },
  {
    "section": "Overall",
    "issue": "Missing crucial clauses.",
    "severity": "Critical",
    "reference": "https://www.adgm.com/registration-authority/registration-and-incorporation",
    "suggestion": "These Articles of Association are severely incomplete.  They lack essential clauses concerning share capital, directors' powers, shareholder meetings, financial reporting, and winding-up procedures, all mandated under the ADGM Companies Regulations 2020.  Use the ADGM provided templates and guidance documents to create comprehensive Articles of Association compliant with ADGM law.  Specifically review the 'Incorporation Package, Filings, Templates' link for required documentation and formatting."
  }
]