[
  {
    "section": "Appointment of Managing Director",
    "issue": "Lack of detail in the Board Resolution regarding the Managing Director's appointment.",
    "severity": "High",
    "reference": "https://www.adgm.com/registration-authority/registration-and-incorporation",
    "suggestion": "The resolution should specify the Managing Director's remuneration, term of appointment, responsibilities, and any other relevant terms and conditions of employment.  It should also include the authority under which the Board is acting (e.g., specific article of the company's Articles of Association).  Consider referencing the ADGM Standard Employment Contract Template for best practice.  https://assets.adgm.com/download/assets/ADGM+Standard+Employment+Contract+Template+-+ER+2024+(Feb+2025).docx/ee14b252edbe11efa63b12b3a30e5e3a"
  },
  {
    "section": "Authority Citation",
    "issue": "Vague reference to the ADGM Companies Act.",
    "severity": "Medium",
    "reference": "https://www.adgm.com/legal-framework/guidance-and-policy-statements",
    "suggestion": "The resolution should cite the specific section(s) of the ADGM Companies Regulations that authorize the Board to appoint a Managing Director.  This ensures transparency and legal certainty."
  },
  {
    "section": "Missing Signatures",
    "issue": "The resolution lacks the signatures of the board members.",
    "severity": "High",
    "reference": "https://www.adgm.com/registration-authority/registration-and-incorporation",
    "suggestion": "All board members present and voting on the resolution must sign the document to validate its authenticity and legal effect."
  },
  {
    "section": "Missing quorum information",
    "issue": "The resolution doesn't state whether the quorum was met for the board meeting.",
    "severity": "Medium",
    "reference": "https://www.adgm.com/registration-authority/registration-and-incorporation",
    "suggestion": "The resolution should explicitly state that a quorum was present during the meeting where the resolution was passed. This is a crucial element for demonstrating the validity of board decisions."
  }
]