[
  {
    "section": "Clause 2",
    "issue": "Clause is too vague and lacks specificity regarding the extent of limited liability.",
    "severity": "High",
    "reference": "https://www.adgm.com/registration-authority/registration-and-incorporation",
    "suggestion": "Rewrite clause to explicitly state the type of limited liability (e.g., limited by shares or limited by guarantee) and the extent of member liability in accordance with the ADGM Companies Regulations 2020.  Reference the specific regulation section providing this legal basis.  The Articles of Association should align precisely with the chosen legal structure during incorporation."
  },
  {
    "section": "Overall",
    "issue": "Missing crucial clauses.",
    "severity": "Critical",
    "reference": "https://www.adgm.com/registration-authority/registration-and-incorporation",
    "suggestion": "The provided Articles of Association are severely incomplete.  They lack essential clauses defining the company's objectives, share capital structure, director's powers and responsibilities, shareholder meetings, and procedures for amendments to the Articles.  A comprehensive review of the ADGM Companies Regulations 2020 and the use of appropriate templates (such as those linked from https://www.adgm.com/registration-authority/registration-and-incorporation) is necessary to create compliant Articles of Association.  Failure to include these elements could lead to rejection of the incorporation application and potential legal issues."
  }
]