{
  "process": "Employment HR Contracts",
  "documents_uploaded": 1,
  "required_documents": 2,
  "missing_documents": [
    "Standard Employment Contract Template (2024 update)"
  ],
  "documents": [
    {
      "document": "Employment_Contract_Sample.docx",
      "flags": "```json\n[\n  {\n    \"section\": \"Employer's Incorporation\",\n    \"issue\": \"The Employer, TechNova Solutions Private Limited, is incorporated under Indian law, not ADGM law.  This raises concerns about compliance with ADGM's regulations regarding employment contracts for entities operating within its jurisdiction.\",\n    \"severity\": \"High\",\n    \"reference\": \"ADGM Companies Regulations 2020 (and related regulations on employment of individuals within the ADGM).  Employment contracts for entities operating in the ADGM should comply with ADGM law.\",\n    \"suggestion\": \"If TechNova Solutions Private Limited intends to employ someone within the ADGM, it must either be incorporated under ADGM law or ensure that its employment practices fully comply with ADGM employment regulations.  The contract needs to be reviewed and possibly rewritten under ADGM law, referencing the relevant ADGM Standard Employment Contract Template for compliance.\"\n  },\n  {\n    \"section\": \"Governing Law\",\n    \"issue\": \"The agreement is governed by the laws of India, not the ADGM. If the employment is to take place within the ADGM, this is a significant non-compliance issue.\",\n    \"severity\": \"High\",\n    \"reference\": \"ADGM Commercial Dispute Resolution Regulations, choice of law principles and general ADGM legal framework.\",\n    \"suggestion\": \"The governing law clause should be amended to specify that the agreement is governed by the laws of the ADGM. This is crucial for enforcement and dispute resolution within the ADGM.\"\n  },\n  {\n    \"section\": \"Clause 1: Position and Duties\",\n    \"issue\": \"The description of duties is vague and could lead to disputes.\",\n    \"severity\": \"Medium\",\n    \"reference\": \"ADGM best practices for employment contracts. While not a specific legal requirement, a clear and detailed description of duties is essential.\",\n    \"suggestion\": \"Provide a more specific and detailed description of the Employee's responsibilities and duties.\"\n  },\n  {\n    \"section\": \"Clause 3: Compensation\",\n    \"issue\": \"Compensation is stated in Indian Rupees (INR), not ADGM currency.\",\n    \"severity\": \"Medium\",\n    \"reference\": \"ADGM Financial Regulations.  While not strictly illegal, using INR might create issues with accounting and tax compliance within the ADGM.\",\n    \"suggestion\": \"Specify the compensation in the ADGM's official currency (likely AED) to ensure clarity and avoid potential complications.\"\n  },\n  {\n    \"section\": \"Clause 5: Termination\",\n    \"issue\": \"The termination clause, while seemingly straightforward, lacks specifics regarding severance pay and potential ADGM-specific termination procedures.\",\n    \"severity\": \"Medium\",\n    \"reference\": \"ADGM Labor Law and best practice for employment contracts.  The clause should comply with ADGM's regulations regarding termination and severance pay.\",\n    \"suggestion\": \"This clause should be reviewed and potentially rewritten to comply with ADGM employment law, especially concerning notice periods, severance pay, and potential grounds for termination as specified in ADGM regulation. Consider using elements of the provided ADGM Standard Employment Contract Templates as a reference.\"\n  }\n]\n```\n"
    }
  ]
}