[
  {
    "section": "Clause 2",
    "issue": "Clause is too vague and lacks specificity regarding the limitation of liability.",
    "severity": "High",
    "reference": "https://www.adgm.com/registration-authority/registration-and-incorporation",
    "suggestion": "Rewrite clause to explicitly state the extent of members' liability, specifying whether it is limited by shares, guarantee, or another method, in accordance with the chosen company type and ADGM Companies Regulations 2020.  Refer to the relevant ADGM guidance and templates for appropriate wording."
  },
  {
    "section": "Overall",
    "issue": "Missing crucial clauses.",
    "severity": "Critical",
    "reference": "https://www.adgm.com/registration-authority/registration-and-incorporation",
    "suggestion": "The Articles of Association are far too brief and lack essential provisions required under ADGM law.  They must include, at a minimum, clauses relating to share capital (if applicable), directors' powers, meetings, accounts, and winding up. Review the ADGM Companies Regulations 2020 and utilize the available templates for guidance in creating comprehensive and compliant Articles of Association.  Consider using the 'Incorporation Package, Filings, Templates' resource for a complete set of compliant documents."
  }
]
