[
  {
    "category": "Company Formation & Governance",
    "document_type": "General Incorporation, AoA, MoA, Registers, UBO, Board Resolutions",
    "link": "https://www.adgm.com/registration-authority/registration-and-incorporation"
  },
  {
    "category": "Company Formation",
    "document_type": "Resolution for Incorporation (LTD - Multiple Shareholders)",
    "link": "https://assets.adgm.com/download/assets/adgm-ra-resolution-multiple-incorporate-shareholders-LTD-incorporation-v2.docx/186a12846c3911efa4e6c6223862cd87"
  },
  {
    "category": "Company Formation & Compliance",
    "document_type": "Incorporation, SPV, LLC, Other Forms & Templates",
    "link": "https://www.adgm.com/setting-up"
  },
  {
    "category": "Policy & Guidance",
    "document_type": "Guidance, Templates, Policy Statements",
    "link": "https://www.adgm.com/legal-framework/guidance-and-policy-statements"
  },
  {
    "category": "ADGM Company Set-up",
    "document_type": "Checklist \u2013 Company Set-up (Various Entities)",
    "link": "https://www.adgm.com/documents/registration-authority/registration-and-incorporation/checklist/branch-non-financial-services-20231228.pdf"
  },
  {
    "category": "ADGM Company Set-up",
    "document_type": "Checklist \u2013 Private Company Limited",
    "link": "https://www.adgm.com/documents/registration-authority/registration-and-incorporation/checklist/private-company-limited-by-guarantee-non-financial-services-20231228.pdf"
  },
  {
    "category": "Employment & HR",
    "document_type": "Standard Employment Contract Template (2024 update)",
    "link": "https://assets.adgm.com/download/assets/ADGM+Standard+Employment+Contract+Template+-+ER+2024+(Feb+2025).docx/ee14b252edbe11efa63b12b3a30e5e3a"
  },
  {
    "category": "Employment & HR",
    "document_type": "Standard Employment Contract Template (2019 short version)",
    "link": "https://assets.adgm.com/download/assets/ADGM+Standard+Employment+Contract+-+ER+2019+-+Short+Version+(May+2024).docx/33b57a92ecfe11ef97a536cc36767ef8"
  },
  {
    "category": "Data Protection",
    "document_type": "Appropriate Policy Document Template",
    "link": "https://www.adgm.com/documents/office-of-data-protection/templates/adgm-dpr-2021-appropriate-policy-document.pdf"
  },
  {
    "category": "Compliance & Filings",
    "document_type": "Annual Accounts & Filings",
    "link": "https://www.adgm.com/operating-in-adgm/obligations-of-adgm-registered-entities/annual-filings/annual-accounts"
  },
  {
    "category": "Letters/Permits",
    "document_type": "Application for Official Letters & Permits",
    "link": "https://www.adgm.com/operating-in-adgm/post-registration-services/letters-and-permits"
  },
  {
    "category": "Regulatory Guidance",
    "document_type": "Incorporation Package, Filings, Templates",
    "link": "https://en.adgm.thomsonreuters.com/rulebook/7-company-incorporation-package"
  },
  {
    "category": "Regulatory Template",
    "document_type": "Shareholder Resolution \u2013 Amendment of Articles",
    "link": "https://assets.adgm.com/download/assets/Templates_SHReso_AmendmentArticles-v1-20220107.docx/97120d7c5af911efae4b1e183375c0b2?forcedownload=1"
  }
]